chembl_id,smiles,label
CHEMBL3973189,O=C(c1ccc(C(F)(F)F)cc1)N1CCN(c2nc(N3CCOCC3)ncc2Br)CC1,inhibitor
CHEMBL255863,Cc1cn(-c2cc(NC(=O)c3ccc(C)c(Nc4nccc(-c5cccnc5)n4)c3)cc(C(F)(F)F)c2)cn1,inhibitor
CHEMBL1171837,Cc1ccc(C(=O)Nc2ccc(CN3CCN(C)CC3)c(C(F)(F)F)c2)cc1C#Cc1cnc2cccnn12,inhibitor
CHEMBL4130229,Cc1ccc(C(=O)NNC(=O)c2c(C)cccc2Cl)cc1C#Cc1cnc2ccccc2c1,inhibitor
CHEMBL941,Cc1ccc(NC(=O)c2ccc(CN3CCN(C)CC3)cc2)cc1Nc1nccc(-c2cccnc2)n1,inhibitor
CHEMBL3545413,Cc1ncc(NC(=O)c2ccc(CN3CCN(C)CC3)c(C(F)(F)F)c2)cc1Nc1nccc(-c2cccnc2)n1,inhibitor
CHEMBL4297524,Cc1cn(-c2cc(NC(=O)c3ccc(C)c(Nc4nccc(-c5cnccn5)n4)c3)cc(C(F)(F)F)c2)cn1,inhibitor
CHEMBL288441,COc1cc(Nc2c(C#N)cnc3cc(OCCCN4CCN(C)CC4)c(OC)cc23)c(Cl)cc1Cl,inhibitor
CHEMBL206834,Cc1ccc(NC(=O)c2ccc(CN3CC[C@H](N(C)C)C3)c(C(F)(F)F)c2)cc1Nc1nccc(-c2cncnc2)n1,inhibitor
CHEMBL388978,CN[C@@H]1C[C@H]2O[C@@](C)([C@@H]1OC)n1c3ccccc3c3c4c(c5c6ccccc6n2c5c31)C(=O)NC4,inhibitor
CHEMBL571546,O=C(Cc1ccc(-c2ccc(OCCN3CCOCC3)cc2)cn1)NCc1ccccc1,inhibitor
CHEMBL574738,CCN1CCN(Cc2ccc(NC(=O)Nc3ccc(Oc4cc(NC)ncn4)cc3)cc2C(F)(F)F)CC1,inhibitor
CHEMBL278315,COC1=C2C[C@@H](C)C[C@H](OC)[C@H](O)[C@@H](C)/C=C(\C)[C@H](OC(N)=O)[C@@H](OC)/C=C\C=C(/C)C(=O)NC(=CC1=O)C2=O,inhibitor
CHEMBL109480,C=CCNC1=C2C[C@@H](C)C[C@H](OC)[C@H](O)[C@@H](C)/C=C(\C)[C@H](OC(N)=O)[C@@H](OC)/C=C\C=C(/C)C(=O)NC(=CC1=O)C2=O,inhibitor
CHEMBL1852688,CCN1CCN(c2ccc(Nc3cc(N(C)C(=O)Nc4c(Cl)c(OC)cc(OC)c4Cl)ncn3)cc2)CC1,inhibitor
CHEMBL5282118,CC[C@H](C)n1nc(N2CC(C(C)(C)O)C2)c2cnc(Nc3ccnc(-c4cnn(S(=O)(=O)C5CC5)c4)n3)cc21,decoy
CHEMBL4635100,O=C(/C=C/CN1CCCC1)N1CCOc2cc3ncnc(Nc4ccc(OCc5cccc(F)c5)c(Cl)c4)c3cc21,decoy
CHEMBL3221556,CCCOC(=O)Nc1ccc(Nc2ncnc3cc(OC)c(OC)cc23)cc1C.Cl,decoy
CHEMBL1447,CCC[C@@H]1C[C@@H](C(=O)N[C@@H]([C@H]2O[C@H](SC)[C@H](O)[C@@H](O)[C@H]2O)[C@@H](C)O)N(C)C1,decoy
CHEMBL3977186,C[C@@H](Nc1ncnc2[nH]c(-c3ccc(OCCCC(=O)NO)cc3)cc12)c1ccccc1,decoy
CHEMBL4159404,C=CC(=O)Nc1cc(Nc2nccc(Nc3ccccc3-c3ccn(C)n3)n2)c(OC)cc1N1CCC(N(C)C)CC1,decoy
CHEMBL3903870,CN(C)C/C=C/C(=O)N1CCCC1Cn1nc(-c2ccc(Oc3ccccc3)cc2)c2c(N)ncnc21,decoy
CHEMBL4450824,CC(C)OCCOc1cc2ncnc(Nc3ccc(F)c(Cl)c3)c2cc1NC(=O)/C=C/CN(C)C,decoy
CHEMBL5274133,CN1CCN(c2ccc(Nc3ncc(Br)c(Nc4ccc5c(c4)CCC5)n3)cc2)CC1,decoy
CHEMBL3965948,O=C(CBr)OCCn1c(=O)oc2cc3ncnc(Nc4ccc(N5CCOCC5)c(Cl)c4)c3cc21,decoy
CHEMBL101581,COc1cc2nccc(Oc3cccc(Br)c3)c2cc1OC,decoy
CHEMBL3353408,C=CC(=O)Nc1cc(Nc2ncc(Cl)c(-c3c[nH]c4ccccc34)n2)c(OC)cc1N(C)CCN(C)C,decoy
CHEMBL592466,Oc1ccc(CN(Cc2cccc(Cl)c2O)C(=S)Nc2ccccc2)cc1,decoy
CHEMBL347537,O=C(Nc1cccc(-c2cncc3ccccc23)c1)c1ccccc1NCc1ccncc1,decoy
CHEMBL3234749,Cc1ccc(C(=O)Nc2ccc(CN3CCN(C)CC3)c(C(F)(F)F)c2)cc1NC(=O)c1cnc(NC2CCCCC2)nc1,decoy
CHEMBL215488,COc1cc2c(cc1OC)Oc1ncnc(Nc3ccc4c[nH]nc4c3)c1NC2,decoy
CHEMBL3904192,COc1cc2c(Nc3ccc(Cl)cc3Cl)ncnc2cc1OCC1CN(C)CCO1,decoy
CHEMBL142200,COCOc1cc(-c2ccccc2)ccc1-c1ccc(C(=O)OC)cc1,decoy
CHEMBL4779958,Cc1c(NC(=S)Nc2ccc3c(c2)OCO3)c(=O)n(-c2ccccc2)n1C,decoy
CHEMBL120069,Cc1cccc(Nc2[nH]cnc3nnc(Nc4cccc(Cl)c4)c2-3)c1,decoy
CHEMBL2425084,COc1cc2ncnc(Nc3ccc(F)c(Cl)c3)c2cc1OCCCN1CC(O)C1,decoy
CHEMBL2325108,NC(=S)N1N=C(c2ccc(Cl)c(Cl)c2)CC1c1cccc2ccccc12,decoy
CHEMBL4227278,C=CC(=O)Nc1cccc(NC(=O)Nc2ccnc(Nc3ccc(N4CCOCC4)cc3)n2)c1,decoy
CHEMBL4280835,CS(=O)(=O)Nc1ccc(-c2cc3c(Nc4ccc(Oc5cccc(C(F)(F)F)c5)c(Cl)c4)ncnc3s2)cc1,decoy
CHEMBL1956897,Nc1nc(Nc2cccc(Br)c2)c2ccn(Cc3ccc(-c4ccccc4)cc3)c2n1,decoy
CHEMBL1243200,CNc1nccc(-c2cccnc2Oc2ccc(NC(=O)c3ccccc3Nc3ccccc3)cc2)n1,decoy
CHEMBL4062509,C=CC(=O)N1CCC[C@@H](n2nc(-c3ccc(F)cc3)c3c(N)ncnc32)C1,decoy
CHEMBL4212884,CN(C)C1CCN(c2ccc(Nc3cc4c(N5CCCC5)nc(Nc5ccccc5)nc4cn3)nc2)CC1,decoy
CHEMBL5176561,CCC(=O)NNC(=O)c1csc2ncc(-c3ccc(C)cc3)n12,decoy
CHEMBL4207305,COc1cc(N2CCN(C)CC2)ccc1Nc1ncc(Cl)c(Oc2cccc(NC(=O)CO)c2)n1,decoy
CHEMBL357995,Cc1cc2c(OCC(CNC(C)(C)C)OC(=O)c3ccccc3)cccc2[nH]1,decoy
CHEMBL3676343,C=CC(=O)Nc1cc2c(Nc3c(F)cc(Br)cc3F)ncnc2cc1OCCNC(=O)CN(C)C,decoy
CHEMBL3353404,C=CC(=O)Nc1cc(Nc2ncc(Cl)c(-c3cnn4ccccc34)n2)c(OC)cc1N(C)CCN(C)C,decoy
CHEMBL2047246,Nc1nc2c(c(Nc3cccc(F)c3)n1)-c1ccccc1C2,decoy
CHEMBL4100377,C=CC(=O)Nc1ccc(OC)c(Nc2cc(-c3[nH]c(SC)nc3C3CCC3)ccn2)c1,decoy
CHEMBL1241767,Cc1ccccc1-n1c(Cn2nc(-c3cccc(O)c3)c3c(N)ncnc32)nc2cccc(C)c2c1=O,decoy
CHEMBL3604913,C=CC(=O)Nc1ccc(-c2nc(Nc3cc[nH]n3)c3ccccc3n2)cc1,decoy
CHEMBL4215080,CN(C)C1CCN(c2ccc(Nc3cc4c(N5CCOCC5)nc(Nc5ccc(F)cc5F)nc4cn3)nc2)CC1,decoy
CHEMBL3740003,Cc1[nH]c(-c2ccccc2)c(-c2ccccc2)c1-c1ccc(NC(=O)c2ccccc2)c(=O)o1,decoy
CHEMBL3978177,COC(=O)CCN1CCOC(COc2cc3ncnc(Nc4ccc(Cl)c(Cl)c4)c3cc2OC)C1,decoy
CHEMBL48384,NC(=O)c1cc2ccc(O)c(O)c2cn1,decoy
CHEMBL3957780,COc1cc(N2CCC(N3CC[C@H](F)C3)CC2)ccc1Nc1nccc(-c2c(-c3cccc(C(=O)Nc4c(F)cccc4F)c3)nc3ccccn23)n1,decoy
CHEMBL960,Cc1oncc1C(=O)Nc1ccc(C(F)(F)F)cc1,decoy
CHEMBL2408830,C=CC(=O)N1CCN(c2ccc(Nc3ncc(Cl)c(Oc4cccc(COc5no[n+]([O-])c5S(=O)(=O)c5ccccc5)c4)n3)c(OC)c2)CC1,decoy
CHEMBL291979,Cn1c(SSc2c(C(=O)Nc3ccccc3)c3cc(C#N)ccc3n2C)c(C(=O)Nc2ccccc2)c2cc(C#N)ccc21,decoy
CHEMBL3962032,CCC(=O)Nc1cc2c(Nc3ccc4c(ccn4CC(C)C)c3)ncnc2cc1OC,decoy
CHEMBL3929584,C=Cc1ccc(-c2cc3c(N[C@H](C)c4ccccc4)ncnc3o2)cc1,decoy
CHEMBL497804,O[C@H]1CN[C@H](C#Cc2cc3ncnc(Nc4ccc(OCc5cccc(F)c5)c(Cl)c4)c3s2)C1,decoy
CHEMBL1542,Cn1cnc([N+](=O)[O-])c1Sc1ncnc2[nH]cnc12,decoy
CHEMBL461991,Cc1cc(Nc2cc(Nc3ccc(-c4nc5ccccc5s4)cc3)ccn2)n[nH]1,decoy
CHEMBL325981,N#Cc1cnc2cc3c(cc2c1Nc1cccc(Br)c1)OCCCO3,decoy
CHEMBL5289250,C=CC(=O)N1CCC(C2CCNc3c(C(N)=O)c(-c4cc(OC)c(Cl)c(OC)c4)nn32)CC1,decoy
CHEMBL3977221,COc1cc2c(Nc3cccc(Br)c3Cl)ncnc2cc1OCC1CN(C)CCO1,decoy
CHEMBL423288,CC(=O)Nc1ccc(C)c(Nc2nccc(-c3cccnc3)n2)c1,decoy
CHEMBL3966111,C=CC(=O)NCCCn1c(NC(=O)c2cccc(C(F)(F)F)c2)nc2cc(C)ccc21,decoy
CHEMBL1645467,NC1CCN(Cc2ccn3ncnc(Nc4ccccc4)c23)CC1,decoy
CHEMBL1929310,Nc1ccc(-c2nnc(SCc3ccccc3)o2)cc1,decoy
CHEMBL3759459,COC(=O)c1ccc(-c2cc3c(N[C@H](C)c4ccccc4)ncnc3s2)c(OC)c1,decoy
CHEMBL127082,CNc1cc2ncnc(Nc3cccc(C)c3)c2cn1,decoy
CHEMBL3934134,COc1cc2c(Nc3ccc(Br)c(Cl)c3Cl)ncnc2cc1OC[C@@H]1CO[C@H]2[C@@H]1OC[C@@H]2OC,decoy
CHEMBL578044,CCC1=C2C(Nc3ccc4c(cnn4Cc4ccccc4)c3)=NC=NC2N=C1NC(=O)OCCC1CCNCC1,decoy
CHEMBL2448064,COc1cc2c(Nc3ccc(Cl)cc3F)ncnc2cc1OCC1CCNCC1.Cl,decoy
CHEMBL523122,COCCOc1cc2ncnc(Nc3c(Cl)ccc4c3OCO4)c2cc1NC(=O)[C@@H]1CCCN1,decoy
CHEMBL402011,C[C@@H](Oc1cccc2ncnc(Nc3ccc4c(cnn4Cc4ccccn4)c3)c12)C(=O)N(C)C,decoy
CHEMBL3937857,COc1cc2c(Nc3ccc(Cl)c(Cl)c3)ncnc2cc1OCc1noc(-c2c(C)noc2C)n1,decoy
CHEMBL4792426,O=C(Nc1cc2c(Nc3ccc(F)c(Cl)c3)ncnc2cc1OCCCN1CCNCC1)c1cc([N+](=O)[O-])ccc1F,decoy
CHEMBL78700,Cc1cc2cc(Nc3ccnc4cc(-c5ccc(CNCCCO)cc5)sc34)ccc2[nH]1,decoy
CHEMBL1914672,C[C@@H](Nc1ncnc2[nH]c(-c3ccc(F)cc3)cc12)c1ccc(F)cc1,decoy
CHEMBL3297954,Cl.c1cc(Nc2ncnc3cc4c(cc23)OCCO4)cc(-c2ccco2)c1,decoy
CHEMBL3297999,COc1ccc(N(c2nc(C)nc3oc(C)cc23)C(C)C)cc1,decoy
CHEMBL139835,CC(=O)O[C@]1(C(C)=O)CC[C@H]2[C@@H]3C=C(Cl)C4=CC(=O)[C@@H]5C[C@@H]5[C@]4(C)[C@H]3CC[C@@]21C,decoy
CHEMBL1241585,Nc1ncnc2c1c(-c1ccc3ccccc3c1)nn2Cc1ccccc1,decoy
CHEMBL5281446,CC(C)c1nn(C(C)C)c2cc(Nc3ccnc(-c4cnn(S(=O)(=O)C5CC5)c4)n3)ncc12,decoy
CHEMBL346770,Cn1c(SSc2c(C(=O)c3ccc(C(=O)O)cc3)c3ccccc3n2C)c(C(=O)c2ccc(C(=O)O)cc2)c2ccccc21,decoy
CHEMBL469354,NS(=O)(=O)c1ccc(Nc2nc3ncnc(Nc4cccc(Br)c4)c3s2)cc1,decoy
CHEMBL2079587,C[C@]12Cc3c[nH]nc3C[C@@H]1CC[C@@H]1[C@@H]2CC[C@@]2(C)[C@H]1CC[C@]2(C)O,decoy
CHEMBL402316,CO/N=C/c1c(N)ncnc1Nc1ccc2[nH]c(Cc3cccc(F)c3)nc2c1,decoy
CHEMBL5400975,CC1=NNC2Oc3ncn(N)c(=N)c3C(c3ccccc3Br)C12,decoy
CHEMBL505626,CCN(CC)C(=O)O[C@H]1CN[C@H](C#Cc2cc3ncnc(Nc4ccc(OCc5cccc(F)c5)c(Cl)c4)c3s2)C1,decoy
CHEMBL4173470,C=CC(=O)Nc1cc(Nc2nccc(Nc3ccccc3-n3nccn3)n2)c(OC)cc1N1CCC(N(C)C)CC1,decoy
CHEMBL77401,COC(=O)c1ccc(S(=O)(=O)Oc2ccc(/C=C/[N+](=O)[O-])cc2)cc1,decoy
CHEMBL251125,CCOc1cc2ncnc(C#Cc3c[nH]nc3-c3ccc(F)cc3)c2cc1OCC,decoy
CHEMBL2048798,OCCn1ccc2ncnc(Nc3ccc(Oc4cccc5sccc45)c(Cl)c3)c21,decoy
CHEMBL397122,C[C@@H](c1cccc(F)c1)n1ncc2cc(Nc3ncnn4ccc(COC[C@@H]5CNCCO5)c34)ccc21,decoy
CHEMBL534948,Cc1cccc(C)c1Nc1ncc(-c2ccc(OCC3CCCN(C)C3)cc2)n2cncc12.Cl,decoy
CHEMBL289469,CN1C2CCCC1CC(NC(=O)c1nn(C)c3ccccc13)C2,decoy
CHEMBL3921347,CCC(=O)Nc1cc2c(Nc3ccc4[nH]ncc4c3)ncnc2cc1OC,decoy
CHEMBL4111809,CC(=O)Nc1cccc(Nc2nc3cnc(Nc4ccc(C(=O)N[N+]5=CCN(C)CC5)cc4F)nc3n2C(C)C)c1,decoy
CHEMBL489112,CN1Cc2cc3c(Nc4cccc(Br)c4)ncnc3cc21,decoy
CHEMBL545315,C=CC(=O)Nc1cc2c(Nc3ccc(F)c(Cl)c3)ncnc2cc1OCCCN1CCOCC1.Cl.Cl,decoy
CHEMBL4743188,CS(=O)(=O)Nc1ccccc1Nc1nc(Nc2ccc3nc(CN4CCCCC4)[nH]c3c2)ncc1Cl,decoy
CHEMBL490266,CC(C)(C)c1ccc(OC[C@@H](Cn2ccnc2[N+](=O)[O-])OC(=O)c2ccc(NC=C3C(=O)C=CC3=O)cc2)cc1,decoy
CHEMBL43417,N#C/C(=C\c1ccc(Oc2ccccc2)c(I)c1)c1ccccn1,decoy
CHEMBL3758796,COc1cc2c(Nc3ccc(NC(=O)c4ccc(Cl)cc4)cc3)ncnc2cc1OCCN1CCCCC1,decoy
CHEMBL104153,COc1ccc(Nc2ncc3cc(-c4c(Cl)cccc4Cl)c(=O)n(C)c3n2)cc1,decoy
CHEMBL594661,COc1cc2ncnc(Nc3ccc(-c4nc5ccccc5s4)cc3F)c2cc1OCCCN1CCN(C)CC1,decoy
CHEMBL411897,COC1CCN(CCOc2n[nH]c3ncnc(Nc4ccc(OCc5ccccn5)c(Cl)c4)c23)CC1,decoy
CHEMBL1242853,CC(C)(C)OC(=O)n1ccc2cc(-c3nn(C4CCCC4)c4ncnc(N)c34)ccc21,decoy
CHEMBL4280993,C=C=CC(=O)Nc1cc(Nc2nccc(-c3cn(C)c4ccccc34)n2)c(C)cc1N(C)CCN(C)C,decoy
CHEMBL145209,N#C/C(=C\c1ccc(O)c(O)c1)C(=O)NCN1CCN(C(=O)/C(C#N)=C/c2ccc(O)c(O)c2)CC1,decoy
CHEMBL5087815,COc1cc(N2CCC(N3CCN(C)CC3)CC2)c(-c2cnn(C)c2)cc1Nc1ncc(Cl)c(Nc2ccccc2P(C)(C)=O)n1,decoy
CHEMBL1828867,O=C(Cc1ccc(F)cc1)NS(=O)(=O)c1ccc(F)cc1,decoy
CHEMBL3219508,COc1cc2ncnc(Nc3ccc(F)c(Cl)c3)c2cc1B(O)O,decoy
CHEMBL3425672,COc1cc(N2CCN(C)CC2)ccc1Nc1ncc(Cl)c(Oc2cccc(NC(=O)/C=C/C3CC3)c2)n1,decoy
CHEMBL1504,CC1(C)O[C@@H]2C[C@H]3[C@@H]4CCC5=CC(=O)C=C[C@]5(C)[C@@]4(F)[C@@H](O)C[C@]3(C)[C@]2(C(=O)CO)O1,decoy
CHEMBL3674150,CC(C)n1c(Nc2ccccc2)nc2cnc(Nc3ccc(C(=O)NN4CCN(C)CC4)cc3F)nc21,decoy
CHEMBL5093794,C=CC(=O)Nc1cc(Nc2nccc(Nc3ccn(C)n3)n2)c(OC)cc1N(C)CCN(C)C(=O)OC,decoy
CHEMBL4246256,Oc1cccc(Nc2nnnc3sc4c(c23)CCC4)c1,decoy
CHEMBL567,OCCN1CCN(CCCN2c3ccccc3Sc3ccc(Cl)cc32)CC1,decoy
CHEMBL4529521,CCc1ccc(C(=O)/C=C\C(=O)O[C@H](CC=C(C)C)C2=CC(=O)c3c(O)ccc(O)c3C2=O)cc1,decoy
CHEMBL292648,N#CC(C#N)=C1CCCc2c(O)cccc21,decoy
CHEMBL4566583,C=CC(=O)Nc1cc(Nc2nccc(-c3cn(C)c4ccccc34)n2)c(OC)cc1N(C)CCSC,decoy
CHEMBL115745,COc1cc2ncnc(NCc3ccccc3)c2cc1O,decoy
CHEMBL5283553,C=CC(=O)N1CCC(C2CCNc3c(C(N)=O)c(-c4cc(Cl)c(Br)c(Cl)c4)nn32)CC1,decoy
CHEMBL5289623,C=CC(=O)N1CCc2ccc(N3C(=O)CCc4cnc5ccc(-c6cnn(C)c6)cc5c43)cc21,decoy
CHEMBL3948084,CCC(=O)Nc1cc2c(Nc3ccc4c(cnn4Cc4ccccc4)c3)ncnc2cc1OC,decoy
CHEMBL1946847,CNc1nc(N/N=C/c2ccc(O)cc2)nc(Nc2ccccc2)n1,decoy
CHEMBL76979,COc1cc(/C=C(\C#N)C(=O)O)cc(OC)c1O,decoy
CHEMBL5401094,COc1cc(N2CCC(N3CCN(C)CC3)CC2)c(C)cc1Nc1nccc(-n2ccnc2-c2ccc(F)cc2)n1,decoy
CHEMBL2315405,C=C1[C@H](C)CCC[C@]1(C)CC/C(C)=C/CC1=C(O)C(=O)C=C(N[C@@H](C(=O)O)[C@H](C)O)C1=O,decoy
CHEMBL4085868,C=CC(=O)Nc1cc(Nc2cc(-c3cccc(NC(=O)c4ccc(N(C)C)cc4)c3C)cn(C)c2=O)ccc1C(=O)N1CCOCC1,decoy
CHEMBL5289003,C=CC(=O)N1CC[C@H](n2cc(-c3cnc4ccccc4c3)c3c(N)ncnc32)C1,decoy
CHEMBL3916644,CCC(=O)Nc1cc2c(Nc3ccc(Oc4ccc5c(c4)OCO5)cc3)ncnc2cc1OC,decoy
CHEMBL4552628,Cc1sc(C(=O)N[C@@H]2[C@H](N)CCCC2(F)F)cc1-c1cnn2cc(Cl)cnc12,decoy
CHEMBL427298,CN(C)CCn1cnc2c(Cl)c3c(Nc4cccc(Br)c4)ncnc3cc21,decoy
CHEMBL4741922,C[C@@H](Nc1ncnc2[nH]c(-c3ccncc3)cc12)c1ccccc1,decoy
CHEMBL4456494,COc1cc2c(Oc3ccc(C4SCC(=O)N4NC(=O)Nc4ccc(F)cc4)cc3)ccnc2cc1OCCCN1CCOCC1,decoy
CHEMBL593760,COc1cc2ncnc(Nc3ccc(-c4nc5ccccc5s4)c(F)c3)c2cc1OCCCN1CCN(C)CC1,decoy
CHEMBL3890263,CCN1CCN(C(C)=O)CC1COc1cc2ncnc(Nc3ccc(Cl)c(Cl)c3)c2cc1OC,decoy
CHEMBL4090601,C=CC(=O)N1CCC[C@@H](n2nc(-c3ccc4ccccc4c3)c3c(N)ncnc32)C1,decoy
CHEMBL4750196,O=C(Nc1cc2c(Nc3ccc(F)c(Cl)c3)ncnc2cc1OCCCN1CCOCC1)c1cc([N+](=O)[O-])ccc1F,decoy
CHEMBL1821893,COc1ccc(C2=NN(c3nc(-c4ccccc4)cs3)C(c3ccc(C)cc3)C2)cc1,decoy
CHEMBL355853,CC(COC(=O)c1cc(NCc2cc(O)ccc2O)ccc1O)CC(C)(C)C,decoy
CHEMBL4463766,C=CC(=O)Nc1cc(Nc2nccc(-c3cn(C)c4ccccc34)n2)c(OC)cc1N1CCSCC1,decoy
CHEMBL3355881,C#Cc1cccc(Nc2ncnc3cc(OC)c(OCCCCCn4ccnc4[N+](=O)[O-])cc23)c1,decoy
CHEMBL3699616,C=CC(=O)Nc1cccc(Oc2nc(Nc3ccc(N4CCN(C(=O)CC(C)(C)C)CC4)cc3OC)ncc2C(F)(F)F)c1,decoy
CHEMBL599145,CCCCCCCCCOC(=O)COc1cc(O)c2c(=O)cc(-c3ccccc3)oc2c1,decoy
CHEMBL2064392,Cc1c(OCC(F)(F)F)ccnc1COc1ccc(Nc2ncnc3cc4oc(=O)n(CCCN5CCOCC5)c4cc23)cc1,decoy
CHEMBL3233793,O=C(/C=C/CN1CCS(=O)(=O)CC1)Nc1cc2c(Nc3ccc(F)c(Cl)c3)ncnc2s1,decoy
CHEMBL3734933,CO[C@H]1CCN(c2nccc(Nc3cc4c(cn3)nc(CO)n4C(C)C)n2)C[C@H]1F,decoy
CHEMBL3926657,Nc1ncnc2c1c(-c1ccc(Oc3ccccc3)cc1)nn2C1CCCN(C(=O)/C=C/c2c[nH]cn2)C1,decoy
CHEMBL1641994,CCOC(=O)Nc1ccc2c(C#N)cnc(Nc3cccc(Br)c3)c2c1,decoy
CHEMBL257873,Cc1ccc(Oc2ccc(Nc3ncnc4[nH]nc(OCCN5CCC(O)CC5)c34)cc2F)cn1,decoy
CHEMBL3891059,COc1cc2c(Nc3ccc(C)c(Cl)c3Cl)ncnc2cc1OCC1CN(C)CCO1,decoy
CHEMBL4215341,C/C=C/c1ccc(Nc2ncnc3cc(OC)c(OCCCN4CCOCC4)cc23)cc1,decoy
CHEMBL385471,COc1cc2ncnc(Nc3cc(Cl)ccc3F)c2cc1OCC1CCN(C)CC1,decoy
CHEMBL4796408,Cn1c(-c2csc(N/N=C\c3ccncc3)n2)nc2ccccc21,decoy
CHEMBL593860,COc1cc2c(Nc3ccc(-c4nc5ccccc5s4)c(OC)c3)ncnc2cc1OCCCN1CCN(C)CC1,decoy
CHEMBL3221546,CCOC(=O)Nc1ccc(Nc2ncnc3cc(OCCN4CCOCC4)c(OC)cc23)cc1Cl.Cl,decoy
CHEMBL55,N=C(N)c1ccc(OCCCCCOc2ccc(C(=N)N)cc2)cc1,decoy
CHEMBL168330,CC(C)(C)CCOC(=O)c1cc(/N=C/c2cc(O)ccc2O)ccc1O,decoy
CHEMBL4519860,CC(C)=CC[C@@H](OC(=O)/C=C\C(=O)c1ccc(Br)cc1)C1=CC(=O)c2c(O)ccc(O)c2C1=O,decoy
CHEMBL501256,Nc1ncnc2c1ncn2CC(=O)c1cccnc1,decoy
CHEMBL3233775,O=C(/C=C/CNC1CCOCC1)Nc1cc2c(Nc3ccc(F)c(Cl)c3)ncnc2s1,decoy
CHEMBL4170121,COc1cccc(OC)c1-c1cc2c(N[C@H](C)c3ccccc3)ncnc2[nH]1,decoy
CHEMBL106232,CN1CCN(CCCCCNc2ncc3cc(-c4c(Cl)cccc4Cl)c(=O)n(C)c3n2)CC1,decoy
CHEMBL1243283,CCOc1cc2ncc(C#N)c(Nc3ccc(F)c(Cl)c3)c2cc1NC(=O)/C=C/CNCc1cn(CCF)nn1,decoy
CHEMBL4081727,COc1cc(Br)c(/C=C2\CC(C)C/C(=C\c3nc(C)c(C)nc3C)C2=O)cc1OC,decoy
CHEMBL77381,N#C/C(=C/c1ccc[nH]1)C(=O)O,decoy
CHEMBL2315699,CC1=CCC[C@](C)(CC/C(C)=C/CC2=C(O)C(=O)C=C(N[C@@H](C(=O)O)C(C)C)C2=O)[C@@H]1C,decoy
CHEMBL5284255,C=CC(=O)Nc1cc(Nc2ncc(Cl)c(-c3cn4c5c(cccc35)OCC4)n2)c(OC)cc1N(C)CCN(C)C,decoy
CHEMBL3221268,CCOC(=O)Nc1ccc(Nc2ncnc3cc(OC)c(OCCN(CC)CC)cc23)cc1C.Cl,decoy
CHEMBL3976896,CCCCCCCN1CCOC(COc2cc3ncnc(Nc4ccc(Cl)c(Cl)c4)c3cc2OC)C1,decoy
CHEMBL3940909,C=CC(=O)N1CC[C@H](Oc2ccc3ncnc(Nc4ccc(F)c(Cl)c4F)c3c2)C1,decoy
CHEMBL3216254,CN(C)c1ccc(CCCCCn2c3c(c4cc(OCCc5ccc(O)cc5)ccc42)CC(N)CC3)cc1.Cl.Cl,decoy
CHEMBL5198992,COCC1CN(c2ncc(C(C)C)c3cc(Nc4ccnc(N5CC[C@@H](O)[C@@](C)(F)C5)n4)ncc23)C1,decoy
CHEMBL5393923,COc1cc(N2CCC(N3CC(C)(CO)C3)CC2)c(C)cc1Nc1ncc(Br)c(Nc2ccc3nccnc3c2P(C)(C)=O)n1,decoy
CHEMBL406,CC1Cc2ccccc2N1NC(=O)c1ccc(Cl)c(S(N)(=O)=O)c1,decoy
CHEMBL3622628,C=CC(=O)Nc1cc2c(Nc3ccc(F)c(C#N)c3)ncnc2cc1O[C@H]1CCOC1,decoy
CHEMBL4527121,C[N+](C)(C/C=C/C(=O)Nc1ccc2ncnc(Nc3cccc(Br)c3)c2c1)Cc1ccccc1[N+](=O)[O-].[Br-],decoy
CHEMBL86,CCN(CC)CCNC(=O)c1cc(Cl)c(N)cc1OC,decoy
CHEMBL3806172,CCOC(C)Oc1cc2ncnc(Nc3ccc(F)c([N+](=O)[O-])c3)c2c2c1OCCO2,decoy
CHEMBL3805681,Clc1cccc(Nc2ncnc3cc(OCCCN4CCOCC4)c4c(c23)OCCO4)c1,decoy
CHEMBL87810,COc1ccc(/C=C2\C(=O)Nc3ccccc32)cc1,decoy
CHEMBL207687,COc1cc2ncnc(Nc3cccc(Cl)c3F)c2cc1CN(C)[C@@H](C)C(N)=O,decoy
CHEMBL4776012,C=C(Cl)C(=O)Nc1cccc(Nc2nc(Nc3ccc(N4CCN(C(C)=O)CC4)c(Cl)c3)ncc2Cl)c1,decoy
CHEMBL4593230,C=CC(=O)N1CCC[C@@H]1COc1nc(Nc2ccc(N3CCN(C(C)=O)CC3)cc2)nc2[nH]cc(-c3cncc(NC)n3)c12,decoy
CHEMBL5432716,C=CC(=O)Nc1cc(-c2c(-c3ccccc3)oc3ncnc(NC4CCCC4)c23)ccc1N1CCOCC1,decoy
CHEMBL3941200,COc1cc2c(Nc3ccc(Cl)c(Cl)c3)ncnc2cc1OCC1CN(C(=O)Cc2ccc(Cl)cc2)CCO1,decoy
CHEMBL3628792,Fc1ccc(Nc2ncnc3sc4c(c23)CCCC4)cc1Cl,decoy
CHEMBL3895458,COc1cc2c(Nc3cccc(Br)c3C)ncnc2cc1O[C@H]1CO[C@H]2[C@@H]1OC[C@@H]2OC,decoy
CHEMBL1173815,Cc1ccc(C2=NN(C(N)=S)C(c3ccc(O)cc3)C2)cc1C,decoy
CHEMBL3912361,O=C(CCl)OCCn1c(=O)oc2cc3ncnc(Nc4ccc(N5CCCCC5)c(Cl)c4)c3cc21,decoy
CHEMBL1493,Cc1c(-c2ccccc2)oc2c(C(=O)OCCN3CCCCC3)cccc2c1=O,decoy
CHEMBL5275348,C=CC(=O)N1CCC([C@@H]2CCNc3c(C(N)=O)c(-c4cc(OC)c(Br)c(OC)c4)nn32)CC1,decoy
CHEMBL3971413,CCOc1cc2ncnc(Nc3ccc4c(cnn4Cc4ccccc4)c3)c2cc1NC(=O)/C=C/CN1[C@H](C)CNC[C@@H]1C,decoy
CHEMBL5282956,C=CC(=O)Nc1ccccc1C1CCNc2c(C(N)=O)c(-c3cc(OC)c(C)c(OC)c3)nn21,decoy
CHEMBL381541,C=CC(=O)Nc1ccc2c(c1)CNc1c(Nc3cccc(Br)c3)ncnc1O2,decoy
CHEMBL593154,COc1ccccc1C(=Cc1coc2nc(=N)[nH]c(N)c12)CC(C)C,decoy
CHEMBL5267362,COc1ccc(Oc2ccc(Nc3ncnc4cc(OCC5CCN(C)CC5)c(OC)cc34)cc2)cc1,decoy
CHEMBL238071,CC[C@]1(O)C[C@@H]2CN(CCc3c([nH]c4ccccc34)[C@@](C(=O)OC)(c3cc4c(cc3OC)N(C)[C@H]3[C@@](O)(C(N)=O)[C@H](O)[C@]5(CC)C=CCN6CC[C@]43[C@@H]65)C2)C1,decoy
CHEMBL3671546,C=C(C)C(=O)Nc1cc2c(Nc3ccc(Br)cc3F)ncnc2cc1OCCNC(C)=O,decoy
CHEMBL544833,COc1ccc(Nc2ncnc3cc(OC)c(OC)cc23)cc1OC.Cl,decoy
CHEMBL5179495,CCS(=O)(=O)n1cc(-c2nc(Nc3cc(C(C)C)c(N4CCC(N5CCN(C)CC5)CC4)cc3OC)ncc2Cl)c2ccccc21,decoy
CHEMBL1241771,CC(C)n1nc(-c2ccc(C#N)c(F)c2)c2c(N)ncnc21,decoy
CHEMBL3978686,O=S(=O)(Nc1ccccn1)c1ccc(Nc2nncc3ccccc23)cc1,decoy
CHEMBL3982471,CN(C)CCOc1cccc(Nc2nccc(-c3c(-c4cccc(C(=O)Nc5cc(Cl)ccc5F)c4)nc4ccccn34)n2)c1,decoy
CHEMBL13976,Cc1[nH]c(/C=C2\C(=O)Nc3ccc(F)cc32)c(C)c1C(=O)NCCN(C)C,decoy
CHEMBL5203195,C=CC(=O)N1CCC(Oc2nc(Nc3ccc(N4CCN(C)CC4)c(F)c3)ncc2Cl)CC1,decoy
CHEMBL241989,N#Cc1cnc2c(C(F)(F)F)cc(NCc3c[nH]cn3)cc2c1Nc1ccc(F)c(Cl)c1,decoy
CHEMBL270696,OCCNc1c(Br)cccc1Nc1ncnc2ccncc12,decoy
CHEMBL92882,COC/C=C/C(=O)Nc1ccc2ncnc(Nc3cccc(Br)c3)c2c1,decoy
CHEMBL1946926,CC1(C)CC(C(=O)Nc2ccc3ncnc(Nc4cccc(Br)c4)c3c2)CC(C)(C)N1[O],decoy
CHEMBL3896615,COc1cc2c(Nc3ccc(NC(=O)Nc4cccc(Cl)c4)cc3)ncnc2cc1OCCCN1CCN(C)CC1,decoy
CHEMBL3608434,C=CC(=O)N[C@@H]1CN(c2nc(Nc3cn(CC)nc3OC)c3ncn(C)c3n2)C[C@H]1F,decoy
CHEMBL3759724,COc1cc2c(Nc3ccc(NC(=O)c4ccccc4)cc3)ncnc2cc1OCc1ccccc1,decoy
CHEMBL5291353,C=CC(=O)Nc1cc(Nc2ncc(-c3cnn(C)c3)c(-c3cn4c5c(cccc35)CCC4)n2)c(OC)cc1N(C)CCN(C)C,decoy
CHEMBL4570214,CC1CCCCN1C/C=C/C(=O)N1CCCOc2cc3ncnc(Nc4ccc(F)c(Cl)c4)c3cc21,decoy
CHEMBL4225306,CN1CCN(c2ccc(Nc3ncc4nc(Sc5ccccc5)n(C5CCCC5)c4n3)cc2)CC1,decoy
CHEMBL4068255,C[C@@H](c1cc2cccnc2cc1F)n1cnc2ncc(-c3cnn(C)c3)nc21,decoy
CHEMBL4081860,NCCSc1nc(-c2ccc(F)cc2)c(-c2ccnc(Nc3ccccc3)c2)[nH]1,decoy
CHEMBL5432017,C=CC(=O)Nc1cccc(-c2c(-c3ccccc3)oc3ncnc(NC)c23)c1,decoy
CHEMBL5413061,COc1cc2nc(C)nc(N[C@H](C)c3cccc4ccccc34)c2cc1OC,decoy
CHEMBL1388,Oc1ccc(OCc2ccccc2)cc1,decoy
CHEMBL3942161,CCN/C(=N\C#N)N1CCOC(COc2cc3ncnc(Nc4ccc(Cl)c(Cl)c4)c3cc2OC)C1,decoy
CHEMBL1828871,Cc1ccc(S(=O)(=O)NC(=O)Cc2ccc(Cl)cc2)cc1,decoy
CHEMBL1828876,Cc1ccc(S(=O)(=O)NC(=O)Cc2ccc(Br)cc2)cc1,decoy
CHEMBL3905410,COc1cc(C2CCN(CCS(C)(=O)=O)CC2)ccc1Nc1nccc(-c2c(-c3cccc(C(=O)Nc4c(F)cccc4F)c3)nc3ccccn23)n1,decoy
CHEMBL5175924,CC#CC(=O)Nc1ccc(Nc2nccc(-c3cn(C)c4ccccc34)n2)cc1,decoy
CHEMBL406375,c1ccc(-c2n[nH]c3c2oc2ccccc23)cc1,decoy
CHEMBL138125,Brc1cccc(Nc2ncnc3ccc(N/N=N/Cc4ccccn4)cc23)c1,decoy
CHEMBL8271,O=C1NC(=O)c2cc(Sc3ccccc3)c(Sc3ccccc3)cc21,decoy
CHEMBL4286733,O=C(Nc1ccc(-c2cc3c(Nc4ccc(Oc5cccc(C(F)(F)F)c5)c(Cl)c4)ncnc3s2)cc1)NC1CC1,decoy
CHEMBL5435881,COc1cc(N2CCC(N3CCN(C)CC3)CC2)c(C)cc1Nc1nccc(-n2cc(CNC(CO)C(C)C)c(-c3ccccc3)n2)n1,decoy
CHEMBL3972981,CC[C@@H](Nc1ncnc2oc(-c3ccc(OC)cc3)cc12)c1ccccc1,decoy
CHEMBL157807,Cn1c(SSc2c(C(N)=O)c3ccccc3n2C)c(C(N)=O)c2ccccc21,decoy
CHEMBL3930965,COc1cc2ncnc(Nc3ccc(Cc4ccccn4)cc3)c2cc1NC(=O)/C=C/CN1CCCC1,decoy
CHEMBL115895,COc1cc(/C=C(\C#N)C(N)=O)cc(CSc2ccccc2NC(C)=O)c1O,decoy
CHEMBL98798,COc1cc2ncnc(Oc3cccc(Br)c3)c2cc1OC,decoy
CHEMBL2070201,Clc1cccc(Nc2ncnc3ccc(NCc4ccc5c(c4)OCCCCO5)cc23)c1,decoy
CHEMBL503253,CC(c1cccc(F)c1)n1ncc2cc(Nc3ncnc4cc(C#C[C@@H]5C[C@@H](OC(=O)N6CCOCC6)CN5)sc34)ccc21,decoy
CHEMBL3339360,COc1cc2c(Oc3ccc(CC(=O)N/N=C/c4ccc(C(F)(F)F)cc4)cc3F)ccnc2cc1OCCCN1CCCC1,decoy
CHEMBL4753700,C=CC(=O)Nc1cccc(-n2c(=O)cc(C)c3cnc(Nc4ccc(N5CCN(CCCCCC(=O)N[C@H](C(=O)N6C[C@H](O)C[C@H]6C(=O)NCc6ccc(-c7scnc7C)cc6)C(C)(C)C)CC5)cc4OC)nc32)c1,decoy
CHEMBL382073,CCN(CC)CCC#CC(=O)Nc1ccc2ncnc(Nc3ccc(F)c(Cl)c3)c2c1,decoy
CHEMBL3409484,CS(=O)(=O)CCNCc1ccc(-c2cc3c(Nc4ccc(OCc5ccccc5)cc4)ncnc3cn2)o1,decoy
CHEMBL3901144,C#Cc1cccc(Nc2ncnc3cc(OC)c(NC(=O)CCCCCCC(=O)NO)cc23)c1,decoy
CHEMBL83429,O=C(O)CC1C(S)=Nc2ccccc21,decoy
CHEMBL117554,Clc1ccc(CNc2ncnc3ccccc23)cc1,decoy
CHEMBL506247,O=C(OC[C@H]1O[C@@H](OC(=O)c2cc(O)c(O)c(OC(=O)c3cc(O)c(O)c(O)c3)c2)[C@H](OC(=O)c2cc(O)c(O)c(OC(=O)c3cc(O)c(O)c(O)c3)c2)[C@@H](OC(=O)c2cc(O)c(O)c(OC(=O)c3cc(O)c(O)c(O)c3)c2)[C@@H]1OC(=O)c1cc(O)c(O)c(OC(=O)c2cc(O)c(O)c(O)c2)c1)c1cc(O)c(O)c(OC(=O)c2cc(O)c(O)c(O)c2)c1,decoy
CHEMBL473436,Fc1cccc(COc2ccc(Nc3ncnc4cc(-c5ccc[nH]5)sc34)cc2Cl)c1,decoy
CHEMBL3699622,C=CC(=O)Nc1cccc(Nc2nc(Nc3ccc(N4CCS(=O)(=O)CC4)cc3OC)ncc2C(F)(F)F)c1,decoy
CHEMBL3237929,COc1cc(N2CCN(C)CC2)ccc1Nc1ncc(Cl)c(Oc2cccc(NC(=O)CCN(C)C)c2)n1,decoy
CHEMBL77456,COc1ccc(C=C(C#N)C#N)cc1,decoy
CHEMBL4569552,C=CC(=O)Nc1cc(Nc2nccc(NC(=O)c3ccc(OC)c(OC)c3)n2)c(OC)cc1N(C)C,decoy
CHEMBL201511,COc1cc(C2=C(c3c[nH]c4ccccc34)C(=O)NC2=O)cc(OC)c1OC,decoy
CHEMBL3895710,COc1cc(CCN2CCCCC2)c(F)cc1Nc1nccc(-c2c(-c3ccc(OC)c(C(=O)Nc4c(F)cccc4F)c3)nc3ccccn23)n1,decoy
CHEMBL201307,COc1cc2c(Nc3ncc(CC(=O)Nc4cccc(F)c4)s3)ncnc2cc1OCCCN1CCC(CO)CC1,decoy
CHEMBL46,Cc1nccn1CC1CCc2c(c3ccccc3n2C)C1=O,decoy
CHEMBL1914670,C[C@@H](Nc1ncnc2[nH]c(-c3ccc(C#N)cc3)cc12)c1ccccc1,decoy
CHEMBL5199399,C=CC(=O)N1CCC(Oc2nc(Nc3ccc(N4CCN(C)CC4)cc3OC)nc3ccsc23)CC1,decoy
CHEMBL158,C[C@H]1[C@H](NC(=O)/C(=N\OC(C)(C)C(=O)O)c2csc(N)n2)C(=O)N1S(=O)(=O)O,decoy
CHEMBL335931,CO[C@H]1[C@@H](N(C)C(=O)CNC(=O)OC(C)(C)C)C[C@@H]2O[C@@]1(C)n1c3ccccc3c3c4c(c5c6ccccc6n2c5c31)C(=O)NC4,decoy
CHEMBL4083916,CCC(=O)N1CC[C@H](N2C(=O)N(c3cc(OC)ccc3F)Cc3cnc(Nc4ccc(N5CCN(C)CC5)c(C(C)C)c4)nc32)C1,decoy
CHEMBL5196495,CC(C)c1ccc(N2C[C@H](CS(C)(=O)=O)[C@H]2C)c2cnc(Nc3ccnc(N4CC[C@@H](O)[C@@](C)(F)C4)n3)cc12,decoy
CHEMBL4284800,COc1nc(N2CCSCC2)ccc1Nc1ncc(Cl)c(Nc2ccccc2NS(C)(=O)=O)n1,decoy
CHEMBL1241483,COc1cc(-c2nn(C(C)C)c3ncnc(N)c23)ccc1F,decoy
CHEMBL590524,O=C1CSC(N/N=C/c2cccc(Br)c2)=N1,decoy
CHEMBL3952208,COc1cc(N2CCC(C3CCN(CCS(C)(=O)=O)CC3)CC2)ccc1Nc1nccc(-c2c(-c3ccc(OC)c(C(=O)Nc4c(F)cccc4F)c3)nc3ccccn23)n1,decoy
CHEMBL672,CC(C)OC(=O)C(C)(C)Oc1ccc(C(=O)c2ccc(Cl)cc2)cc1,decoy
CHEMBL1242752,CCOc1cc(-c2nn(C(C)C)c3ncnc(N)c23)ccc1OC,decoy
CHEMBL52015,CN(C)c1ccc2ncnc(Nc3cccc(Br)c3)c2c1,decoy
CHEMBL241609,O=c1c(-c2ccc(O)c(O)c2)coc2cc(O)cc(O)c12,decoy
CHEMBL4072833,C=CC(=O)N1CCC(CNc2ncnc(N)c2-c2ccc(Oc3ccccc3)cc2)CC1,decoy
CHEMBL5396915,C=CC(=O)Nc1cc(Nc2nccc(-c3cn(S(=O)(=O)CC)c4ccccc34)n2)cc2cnn(CCN(C)C)c12,decoy
CHEMBL232601,N#Cc1c(NC(=O)c2cccc3ccccc23)sc2c1CCCN2C(=O)C1CC1,decoy
CHEMBL4084249,COc1ccc(-c2nnc(Cc3nc4ccccc4[nH]3)o2)cc1,decoy
CHEMBL3221544,CCOC(=O)Nc1ccc(Nc2ncnc3cc(OCCN(CC)CC)c(OC)cc23)cc1Cl.Cl,decoy
CHEMBL402293,CC(C)O/N=C/c1c(N)ncnc1Nc1ccc2c(cnn2Cc2cccc(F)c2)c1,decoy
CHEMBL2426378,COc1ccc(NC(=O)/C=C/CN(C)C)cc1Nc1ncc([S+](C)[O-])c(-c2cnn3ccccc23)n1,decoy
CHEMBL3827178,C[C@@H](Oc1ccc2[nH]nc(-c3nc4cc(N5CCN(C)CC5)ccc4[nH]3)c2c1)c1c(Cl)cncc1Cl,decoy
CHEMBL3806200,COCCOc1cc2ncnc(Nc3ccc(Cl)c([N+](=O)[O-])c3)c2c2c1OCCO2,decoy
CHEMBL4460151,COc1cc2c(Nc3ccc(F)cc3)ncnc2cc1OCCOCCNC(=O)Cn1cnc([N+](=O)[O-])n1,decoy
CHEMBL2047016,O=C(CCCCCC(=O)Nc1ccc(O)c(C(=O)Nc2cccc(F)c2)c1)NO,decoy
CHEMBL748,C[n+]1ccccc1/C=N/O.[Cl-],decoy
CHEMBL57462,N#CC(C#N)=C1C(=O)Nc2cc(O)c(O)cc21,decoy
CHEMBL5438864,C/C=C/C(=O)Nc1cc(Nc2nccc(-c3cn(S(=O)(=O)CC)c4ccccc34)n2)cc2cnn(CCN(C)C)c12,decoy
CHEMBL5281464,Cc1c(C(=O)NCCc2ccc(N3CCOCC3)cc2)[nH]c2ccc(Cl)cc12,decoy
CHEMBL3815115,S=C(NCCCN1CCOCC1)Nc1ccc2ncnc(Nc3cccc(Br)c3)c2c1,decoy
CHEMBL484121,CC(C)(C)OC[C@@H](Cn1ccnc1[N+](=O)[O-])OC(=O)c1ccc(NC=C2C(=O)C=CC2=O)cc1,decoy
CHEMBL3902608,COc1cc(N2CCC(N3CCCCCC3)CC2)ccc1Nc1nccc(-c2c(-c3cccc(C(=O)Nc4c(F)cccc4F)c3)nc3ccccn23)n1,decoy
CHEMBL3219126,C=CC(=O)Nc1cccc(N2C(=O)C3CCCN3C(=O)c3cnc(Nc4ccc(N5CCN(C)CC5)cc4OC)nc32)c1,decoy
CHEMBL3360609,C#Cc1cccc(Nc2ncnc3cc(OCCCCCn4ccnc4[N+](=O)[O-])c(OC)cc23)c1,decoy
CHEMBL435902,O=C(OCCCCc1ccccc1)c1cc(NCc2cc(O)ccc2O)ccc1O,decoy
CHEMBL2047251,COc1cccc(Nc2nc(N)nc3c2-c2ccccc2C3)c1,decoy
CHEMBL206003,NCc1cccc(C#Cc2cncnc2Nc2ccc(OCc3cccc(F)c3)c(Cl)c2)n1,decoy
CHEMBL3775911,O=C1COc2cc3ncnc(Nc4ccc(Cl)cc4)c3cc2N1CCCN1CCOCC1,decoy
CHEMBL322395,COc1cc(Nc2c(C#N)cnc3cc(-c4ccc(CN5CCOCC5)cc4)ccc23)c(Cl)cc1Cl,decoy
CHEMBL53637,C=CC(=O)Nc1ccc2ncnc(Nc3cccc(Cl)c3)c2c1,decoy
CHEMBL3357644,COc1cc2ncnc(Nc3ccc(F)c(Cl)c3)c2cc1NC(=O)/C(F)=C\CN1CCOCC1,decoy
CHEMBL4849337,O=C(CN1CCOCC1)Nc1ccc(Nc2ncc(Cl)c(Nc3ccccc3C(=O)NO)n2)cc1,decoy
CHEMBL475446,CS(=O)(=O)CCNCc1ccc(-c2cc3ncnc(Nc4ccc(OCc5cccc(F)c5)c(Cl)c4)c3s2)[nH]1,decoy
CHEMBL521734,Cc1ccc(C(=O)NC2CC2)cc1-c1ccc2c(=O)n(CC3CC3)nnc2c1,decoy
CHEMBL1090352,O=C(CC1CCCCC1)Nc1cccc(-c2nc3sccn3c2-c2ccnc(Nc3ccc(N4CCOCC4)cc3)n2)c1,decoy
CHEMBL3604916,CCC(=O)Nc1ccc(-c2nc(Nc3cc[nH]n3)c3ccccc3n2)cc1,decoy
CHEMBL3680377,COc1cc2ncnc(Nc3ccc(F)c(Cl)c3)c2cc1NC(=O)/C=C/CN1CCC(F)CC1,decoy
CHEMBL4294264,COc1cc2ncnc(Nc3ccc(-c4cc(-c5ccc(Br)cc5)c(C#N)c(=N)[nH]4)cc3)c2cc1OC,decoy
CHEMBL1830260,COc1ccccc1/C=C/C(=N/NC(N)=S)c1ccccc1,decoy
CHEMBL2148047,CC(C)(C)S(=O)(=O)CC(=O)NCCn1ccc2ncnc(Nc3ccc(Oc4cccc(C(F)(F)F)c4)c(Cl)c3)c21,decoy
CHEMBL266995,Oc1cc(O)c2c(O)c(-c3cccc(Cl)c3)cnc2c1,decoy
CHEMBL4572913,CN(C)C/C=C/C(=O)N1CCC[C@@H](n2nc(-c3ccc(Oc4ccc(F)cc4F)cc3)c(C(N)=O)c2N)C1,decoy
CHEMBL1242659,CCOc1ccc(-c2nn(C3CCCCC3)c3ncnc(N)c23)cc1OC,decoy
CHEMBL206782,COC(=O)CCCC(=O)Nc1cccc(C#Cc2cncnc2Nc2ccc(OCc3cccc(F)c3)c(Cl)c2)c1,decoy
CHEMBL2018753,CCCOC(=O)Nc1ccc(Nc2ncnc3cc(OC)c(OC)cc23)cc1Cl,decoy
CHEMBL2424794,O=C(/C=C/c1cccnc1Cl)Nc1ccc2ncnc(Nc3cccc(Cl)c3)c2c1,decoy
CHEMBL1173653,Cc1ccc(/C=C/C(=O)OCCn2c([N+](=O)[O-])cnc2C)cc1,decoy
CHEMBL5204970,CN1CCN(c2ccc(-c3ccc4c(=O)n(C(C(=O)Nc5nccs5)c5ccccc5)cnc4c3)cc2)CC1,decoy
CHEMBL94109,O=C(/C=C/CN1CCC(N2CCCCC2)CC1)Nc1ccc2ncnc(Nc3cccc(Br)c3)c2c1,decoy
CHEMBL3940489,COc1cc2c(Nc3ccc(Cl)c(Cl)c3F)ncnc2cc1OC[C@@H]1CN2CCCC[C@H]2C(=O)N1,decoy
CHEMBL83559,Cc1ccc2[nH]c(SSc3[nH]c4ccc(C)cc4c3CCC(=O)O)c(CCC(=O)O)c2c1,decoy
CHEMBL4280395,COc1ccc(OC)c(Nc2cc(Nc3ccc(F)cc3)ncn2)c1,decoy
CHEMBL50588,CC[C@H]1CN2CCc3cc(OC)c(OC)cc3[C@@H]2C[C@@H]1C[C@H]1NCCc2cc(OC)c(OC)cc21,decoy
CHEMBL3952693,CCN1CCCCC1c1nc(COc2cc3ncnc(Nc4ccc(Cl)c(Cl)c4)c3cc2OC)no1,decoy
CHEMBL178573,CCOc1cc2ncc(C#N)c(Nc3ccc(OCc4ccc5ccccc5c4)c(Cl)c3)c2cc1NC(=O)/C=C/CN(C)C,decoy
CHEMBL3133896,C=CC(=O)N1CCc2c(sc3ncnc(Nc4ccc(Br)cc4F)c23)C1,decoy
CHEMBL2325102,NC(=S)N1N=C(c2ccccc2)CC1c1cccc2ccccc12,decoy
CHEMBL94068,O=C(/C=C/CN1CCCCC1)Nc1ccc2ncnc(Nc3cccc(Br)c3)c2c1,decoy
CHEMBL174,CC1(C)S[C@@H]2[C@H](NC(=O)[C@H](N)c3ccccc3)C(=O)N2[C@H]1C(=O)O,decoy
CHEMBL5272096,CN1CCN(c2ccc(Nc3ncc([N+](=O)[O-])c(Nc4ccc5[nH]ccc5c4)n3)cc2)CC1,decoy
CHEMBL4873830,O=C(O)c1ccccc1Nc1nc(Nc2ccc(OCC(=O)N3CCOCC3)cc2)ncc1Cl,decoy
CHEMBL4063301,O=C(Nc1ccc2ncnc(Nc3cccc(Cl)c3)c2c1)C1CCCCC1,decoy
CHEMBL1242209,Cc1ccc2ccc(-c3nn(C(C)C)c4ncnc(N)c34)cc2n1,decoy
CHEMBL3804886,Fc1cccc(Nc2ncnc3cc(OCCCN4CCOCC4)c4c(c23)OCCO4)c1,decoy
CHEMBL5187375,Cc1nn(-c2ccc(F)cc2)c2c(Nc3ccc(F)c(Cl)c3)ncnc12,decoy
CHEMBL1242660,COc1cc(-c2nn(C(C)C)c3ncnc(N)c23)cc(OC)c1OC,decoy
CHEMBL3759780,COc1cc(F)ccc1-c1cc2c(N[C@H](C)c3ccccc3)ncnc2s1,decoy
CHEMBL2021576,O=C(O)[C@H]1O[C@@H]1C(=O)Nc1ccc2ncnc(Nc3cccc(Br)c3)c2c1,decoy
CHEMBL5425966,CN(Cc1cccc2ccccc12)c1ncnc2[nH]c(-c3ccc(CO)cc3)cc12,decoy
CHEMBL354310,COc1cccc(-c2cn(C3CC(C(=O)NCCO)C3)c3ncnc(N)c23)c1,decoy
CHEMBL4276946,CC(=O)n1nc(C)c(-c2ccc(Cl)c(Cl)c2)c1N,decoy
CHEMBL248221,COc1cc2ncc(C#N)c(N[C@@H]3C[C@H]3c3ccccc3)c2cc1OCCCN1CCOCC1,decoy
CHEMBL3905086,O=C(CCCCOc1ccc2ncnc(Nc3ccc(F)c(Cl)c3)c2c1)NO,decoy
CHEMBL66718,Clc1cc2cc(-c3ccsc3)cnc2cc1Cl,decoy
CHEMBL1201353,CN(C)CC[C@@H](c1ccc(Cl)cc1)c1ccccn1,decoy
CHEMBL3971939,C=CC(=O)N1CCC(Oc2cc3c(Nc4cccc(C)c4)ncnc3cc2OC)CC1,decoy
CHEMBL354757,CCOP(=O)(Cc1cc(/N=C/c2cc(O)ccc2O)ccc1O)OCC,decoy
CHEMBL14627,O=C(NCCCCOc1ccc2ncnc(Nc3ccc(OCc4ccccc4)cc3)c2c1)C(F)(F)F,decoy
CHEMBL162508,Cc1cccc(Nc2ncnc3cnc(NCCCN4CCOCC4)cc23)c1,decoy
CHEMBL3935558,C=CC(=O)Nc1ccccc1-n1c(NC(=O)c2cccc(C(F)(F)F)c2)nc2cc(C)ccc21,decoy
CHEMBL125086,CCOc1cc2ncnc(Nc3cccc(-c4ccco4)c3)c2cc1OCC,decoy
CHEMBL357040,COC(=O)c1ccc(-c2ccc(C(C)(C)C)cc2O)cc1,decoy
CHEMBL48436,O=C(NCc1ccccc1)c1cc2ccc(O)c(O)c2cn1,decoy
CHEMBL3622662,COCCOc1cc2ncnc(Nc3ccc(F)c(Cl)c3)c2cc1NC(=O)/C=C/CN(C1CC1)C1CC1,decoy
CHEMBL143108,N#C/C(=C\c1ccc2[nH]ccc2c1)C(=O)NCCCNC(=O)/C(C#N)=C/c1ccc2[nH]ccc2c1,decoy
CHEMBL520515,Nc1ncnc2c1ncn2CC(=O)c1ccccc1,decoy
CHEMBL4475770,COc1cc(N(C)CCN(C)C)c(NC(=O)C=C(C)C)cc1Nc1nc2c(c(-c3cn(C)c4ccc(F)cc34)n1)CS(=O)(=O)CC2,decoy
CHEMBL214419,CS(=O)(=O)CCNCc1ccc(-c2ccc3ncnc(Nc4ccc(OCc5cccc(C(F)(F)F)c5)cc4)c3c2)o1,decoy
CHEMBL3263963,COc1cc2c(Oc3ccc(NS(=O)(=O)c4cccc(-c5ccoc5)c4)cc3F)ccnc2cc1OCCCN1CCN(C)CC1,decoy
CHEMBL3622656,O=C(/C=C/CN1CC(F)(F)C1)Nc1cc2c(Nc3ccc(F)c(Cl)c3)ncnc2cc1O[C@H]1CCOC1,decoy
CHEMBL5185207,CC(C)c1ccc(N2C[C@H](O)[C@H]2C)c2cnc(Nc3ccnc(N4CC[C@@H](O)[C@@](C)(F)C4)n3)cc12,decoy
CHEMBL4785569,CCOc1ccccc1-c1cc2c(N[C@H](C)c3ccccc3)ncnc2[nH]1,decoy
CHEMBL490267,CC(C)(C)c1ccc(OC[C@H](Cn2ccnc2[N+](=O)[O-])OC(=O)c2ccc(NC=C3C(=O)C=CC3=O)cc2)cc1,decoy
CHEMBL3221557,CCCCOC(=O)Nc1ccc(Nc2ncnc3cc(OC)c(OC)cc23)cc1C.Cl,decoy
CHEMBL3968940,CCCN1CCC(c2ccc(Nc3nccc(-c4c(-c5cccc(C(=O)Nc6c(F)cccc6F)c5)nc5ccccn45)n3)c(OCC)c2)CC1,decoy
CHEMBL5410384,CCOC(=O)c1c(-n2ccnc2)nc2ccc(Br)cc2c1N1CCN(c2ccccc2NS(=O)(=O)c2ccc(C(F)(F)F)cc2)CC1,decoy
CHEMBL1094194,CSc1ccc(CCCCCn2cc(CCN)c3cc(OCCc4ccc(O)cc4)ccc32)cc1.Cl,decoy
CHEMBL329672,Clc1cccc(Nc2ncnc3ccccc23)c1,decoy
CHEMBL2205030,O=S1(=O)N=S(c2ccc(Br)cc2)c2ccncc21,decoy
CHEMBL1630114,Nc1ccccc1NC(=O)/C=C/c1cccc(-c2ccc3ncnc(Nc4ccc(OCc5cccc(F)c5)c(Cl)c4)c3c2)c1,decoy
CHEMBL2426383,COc1ccc(NC(=S)NC(=O)c2cn(-c3ccccc3)nc2-c2ccc(C)cc2)cc1,decoy
CHEMBL462160,CNc1ccnc(Nc2ccc(-c3nc4ccccc4s3)cc2)n1,decoy
CHEMBL161956,CN(CCO)c1cc2c(Nc3cccc(Br)c3)ncnc2cn1,decoy
CHEMBL3647419,CCOc1cc2ncc(C#N)c(Nc3ccc(OCc4ccccn4)c(Cl)c3)c2cc1NC(=O)/C=C/[C@@H]1C[C@@H](O)CN1C,decoy
CHEMBL4250210,CNc1ccc(N(C)c2ncnc3occ(C)c23)cc1,decoy
CHEMBL4789716,C=C(F)C(=O)Nc1cccc(Nc2nc(Nc3ccc(N4CCN(C(C)=O)CC4)c(C)c3)ncc2Cl)c1,decoy
CHEMBL4529308,CCC(=O)N1CCC[C@@H](n2c(=O)c(-c3ccccc3Br)c(C)c3cnc(Nc4ccc(N5CCN(C)CC5)c(C)c4)nc32)C1,decoy
CHEMBL293798,N#CC(C#N)=C1C(=O)Nc2ccccc21,decoy
CHEMBL118258,CN1CCC(O)(c2cn(-c3ccnc(NC4CCCC4)n3)c(-c3cccc(C(F)(F)F)c3)n2)CC1,decoy
CHEMBL193,COC(=O)C1=C(C)NC(C)=C(C(=O)OC)C1c1ccccc1[N+](=O)[O-],decoy
CHEMBL5209100,N#CC1=C(c2ccccc2)Nc2c(c(-c3cccs3)nn2-c2ccccc2)C12C(=O)Nc1ccc(Br)cc12,decoy
CHEMBL4451538,CCOc1cc2ncc(C#N)c(Nc3ccc(F)c(Cl)c3)c2cc1NC(=O)CC1CCSS1,decoy
CHEMBL3622639,COCCOc1cc2ncnc(Nc3ccc(F)c(Cl)c3)c2cc1NC(=O)/C=C/CN(C)C,decoy
CHEMBL4755832,O=C(Nc1cc2c(Nc3ccc(F)c(Cl)c3)ncnc2cc1OCCCN1CCOCC1)c1ccccc1,decoy
CHEMBL4464571,COc1cc(N2CCN(CC(=O)N3CCC(=O)CC3)C2=O)ccc1Nc1ncc(Cl)c(Nc2ccccc2S(=O)(=O)C(C)C)n1,decoy
CHEMBL514938,Fc1cccc(COc2ccc(Nc3ncnc4sc(-c5ccco5)cc34)cc2Cl)c1,decoy
CHEMBL331792,Cc1cccc(Nc2ncnc3cc(N)ncc23)c1,decoy
CHEMBL3914441,COc1cc2c(Nc3ccc(Br)c(Cl)c3F)ncnc2cc1OC[C@H]1CN2CCOC[C@H]2CO1,decoy
CHEMBL3985011,CN(C)CCOc1cccc(Nc2nccc(-c3c(-c4cccc(C(=O)Nc5cc(C(F)(F)F)ccc5F)c4)nc4ccccn34)n2)c1,decoy
CHEMBL3930539,C=CC(=O)Nc1cccc(Nc2nc(Nc3ccc(Cn4ccnc4)cc3)ncc2F)c1,decoy
CHEMBL4286943,COc1cc(-c2nc3sc(-c4ccccc4)cn3n2)cc(OC)c1OC,decoy
CHEMBL4467561,C=CC(=O)Nc1cc(Nc2ncc(I)c(Nc3ccccc3S(=O)(=O)N(C)C)n2)c(OC)cc1N(C)CCN(C)C,decoy
CHEMBL4878090,CC#CC(=O)N1CCC(c2cnn3c(C(N)=O)c(-c4ccc(Oc5ccccc5)cc4)[nH]c23)CC1,decoy
CHEMBL78982,c1ccc(-c2cc3ncnc(Nc4ccc5[nH]nnc5c4)c3s2)cc1,decoy
CHEMBL3263364,COc1ccc(C2=NN(C3=NC(=O)CS3)C(c3cccc4ccccc34)C2)cc1,decoy
CHEMBL455174,CC(=O)/C=C/C(=O)Cc1ccc2ncnc(Nc3cccc(Br)c3)c2c1,decoy
CHEMBL3906473,COc1cc(N2CCC(O)CC2)ccc1Nc1nccc(-c2c(-c3cccc(C(=O)Nc4c(F)cccc4F)c3)nc3ccccn23)n1,decoy
CHEMBL3087201,C=CC(=O)N1CC[C@H](N2C(=O)N(C(C)C)Cc3cnc(Nc4ccc(N5CCN(C)CC5)cc4OC)nc32)C1,decoy
CHEMBL334255,CCCCCCCCCCCCCCCC[n+]1ccccc1.[Br-],decoy
CHEMBL4587222,CCN1CCN(CCCOc2cc3nccc(Oc4c(F)cc(NC(=O)NN5C(=O)CSC5c5c(F)cccc5F)cc4F)c3cc2OC)CC1,decoy
CHEMBL277667,CNN1C(=O)c2c(c3c4cccc(O)c4n(C4OC(CO)C(O)C(O)C4O)c3c3[nH]c4c(O)cccc4c23)C1=O,decoy
CHEMBL3676355,C=CC(=O)Nc1cc2c(Nc3cc(Cl)c(Br)cc3F)ncnc2cc1OCCNC(=O)CN(C)C,decoy
CHEMBL4779297,C=CC(=O)Nc1ccc2ncnc(Nc3ccc(C(=O)Nc4ccccn4)cc3)c2c1,decoy
CHEMBL130116,O=C(O)c1cccc(/N=C/c2cc(O)ccc2O)c1,decoy
CHEMBL3983466,COc1cc2c(Nc3ccc(Cl)c(Cl)c3F)ncnc2cc1OC[C@@H]1CN2CCC[C@H]2C(=O)N1C,decoy
CHEMBL4080008,C=CC(=O)Nc1cc(Nc2nccc(-c3cn4c5c(cccc35)CCC4)n2)c(OC)cc1N1CC(CN(C)C)C1,decoy
CHEMBL55379,FC(F)C(F)(F)Oc1cccc(Nc2nccc(-c3c[nH]c4ccccc34)n2)c1,decoy
CHEMBL4476772,CCN(CC)C/C=C/C(=O)N1CCOc2cc3ncnc(Nc4ccc(F)c(Cl)c4)c3cc21,decoy
CHEMBL144760,N#C/C(=C\c1ccc(O)c(O)c1)C(=O)NCCCCCCNC(=O)/C(C#N)=C/c1ccc(O)c(O)c1,decoy
CHEMBL214023,O=S(=O)(CCNCc1ccc(-c2ccc3ncnc(Nc4ccc(OCc5cccc(F)c5)c(C(F)(F)F)c4)c3c2)o1)c1ccccn1,decoy
CHEMBL4227082,Cc1cn2c(-c3cn[nH]c3)cnc2c(Nc2cc(Cc3ccccn3)ns2)n1,decoy
CHEMBL489146,CC(=O)N/C=C/c1cc(O)ccc1O,decoy
CHEMBL114,CC(C)(C)NC(=O)[C@@H]1C[C@@H]2CCCC[C@@H]2CN1C[C@@H](O)[C@H](Cc1ccccc1)NC(=O)[C@H](CC(N)=O)NC(=O)c1ccc2ccccc2n1,decoy
CHEMBL4126986,C=CC(=O)Nc1cccc(-n2c(=O)n(C(C)C)c(=O)c3cnc(Nc4ccc(OCCN(C)C)cc4OC)nc32)c1,decoy
CHEMBL2205025,O=S1(=O)N=S(c2ccc(Br)cc2)c2ccc(C(F)(F)F)cc21,decoy
CHEMBL3759480,COc1cc(C(N)=O)ccc1-c1cc2c(N[C@H](CO)c3ccccc3)ncnc2s1,decoy
CHEMBL4858714,O=C(NO)c1ccccc1Nc1nc(Nc2ccc(CN3CCOCC3)cc2)ncc1Cl,decoy
CHEMBL496129,Cc1ccc(NC(=O)c2ccc(CN3CCN(C)CC3)cc2)cc1-c1ccc(-c2csc(N)n2)cc1,decoy
CHEMBL5172587,CC(C)c1ncc(N2C[C@H](O)[C@H]2C)c2cnc(Nc3ccnc(N4CC[C@@H](O)[C@@](C)(F)C4)n3)cc12,decoy
CHEMBL3905411,CCCCNC(=S)NNc1nncc2ccccc12,decoy
CHEMBL5290340,COc1cc2c(Nc3ccc(Oc4ccccc4F)cc3)ncnc2cc1OCC1CCN(C)CC1,decoy
CHEMBL4868123,COCCOc1cc2ncnc(Sc3nc[nH]n3)c2cc1OCCOC,decoy
CHEMBL49986,C=CC(=O)Nc1cc2ncnc(Nc3cccc(Br)c3)c2cn1,decoy
CHEMBL169657,CONC(=O)c1cc(NCc2cc(O)ccc2O)ccc1O,decoy
CHEMBL57471,CSc1ccc(C=C(C#N)C#N)cc1,decoy
CHEMBL5401500,CCS(=O)(=O)Nc1nc(-c2ccc(F)cc2)c(-c2ccnc(Nc3ccc4c(ccn4CCN4CCOCC4)c3)n2)s1,decoy
CHEMBL4787698,CC(C)(C)c1cc(NC(=O)CN2CCOCC2)no1,decoy
CHEMBL3962355,COc1cc2c(Nc3ccc(Cl)c(Cl)c3)ncnc2cc1OCC1CN(C(=O)c2ccc3c(c2)OCO3)CCO1,decoy
CHEMBL5416267,CN(C)CCn1ccc2cc(Nc3nccc(-n4ccnc4-c4ccc(C(F)(F)F)cc4)n3)ccc21,decoy
CHEMBL3628805,CCOC(=O)Nc1ccc(Oc2ncnc3sccc23)cc1C,decoy
CHEMBL3813873,FC(F)(F)c1ccc(CNc2ccc(Cc3c[nH]c4ncc(Cl)cc34)cn2)cn1,decoy
CHEMBL162821,CNc1cc2c(Nc3cccc(C)c3)ncnc2cn1,decoy
CHEMBL309716,COC(=O)CCC1C(S)=Nc2ccccc21,decoy
CHEMBL1358485,CCN(CC)CC1CCN(c2ncc3ncnc(Nc4ccc(F)c(Cl)c4)c3n2)CC1,decoy
CHEMBL3805949,CC(C)Oc1cc2ncnc(Nc3ccc(F)c(C#N)c3)c2c2c1OCCO2,decoy
CHEMBL258270,CC(=O)N1CCN(CCOc2n[nH]c3ncnc(Nc4ccc(OCc5ccccn5)c(Cl)c4)c23)CC1,decoy
CHEMBL5176898,CNC(=O)c1ccccc1Nc1nc(Nc2ccc3c(NC(=O)CN(C)C)n[nH]c3c2)ncc1Cl,decoy
CHEMBL521887,Cc1ccc(NC(=O)c2ccc(CN3CCN(C)CC3)cc2)cc1-c1ccc2ccncc2c1,decoy
CHEMBL248321,NC1CCN(Cc2ccn3ncnc(Nc4ccc(OCc5cnccn5)c(Cl)c4)c23)CC1,decoy
CHEMBL3909461,CCc1cc(Nc2nccc(-c3c(-c4ccc(OC)c(C(=O)Nc5c(F)cccc5F)c4)nc4ccccn34)n2)c(OC)cc1N1CCC(CCS(C)(=O)=O)CC1,decoy
CHEMBL4215164,COc1cc(N2CCN(C)CC2)ccc1Nc1ncc(Cl)c(Oc2cccc(NC(=O)CCO)c2)n1,decoy
CHEMBL7002,CC1(COc2ccc(CC3SC(=O)NC3=O)cc2)CCCCC1,decoy
CHEMBL2029693,Cc1cccc(N2NC(=O)/C(=C/c3ccc(-c4ccccc4F)o3)C2=O)c1,decoy
CHEMBL37543,OCC(O)Cn1ncc2cc3c(Nc4cccc(Br)c4)ncnc3cc21,decoy
CHEMBL3221267,CCOC(=O)Nc1ccc(Nc2ncnc3cc(OCCN(CC)CC)c(OC)cc23)cc1C.Cl,decoy
CHEMBL3971713,C[C@@H](Nc1ncnc2[nH]c(-c3ccc(CNCc4ccc(/C=C/C(=O)NO)cc4)cc3)cc12)c1ccccc1,decoy
CHEMBL3416610,FCC(Nc1ncnc2sc(Br)cc12)c1ccccc1,decoy
CHEMBL500115,CS(=O)(=O)O[C@H]1CN[C@H](C#Cc2cc3ncnc(Nc4ccc(OCc5cccc(F)c5)c(Cl)c4)c3s2)C1,decoy
CHEMBL597754,CNC(=O)c1nn(C)c2c1CCc1cnc(NC3CCN(C(=O)C4CCN(S(C)(=O)=O)CC4)CC3)nc1-2,decoy
CHEMBL3219127,C=CC(=O)Nc1cccc(N2C(=O)C3CCCCN3C(=O)c3cnc(Nc4ccc(N5CCN(C)CC5)cc4OC)nc32)c1,decoy
CHEMBL121260,Clc1cccc(Nc2[nH]nc3ncnc(Nc4ccccc4)c23)c1,decoy
CHEMBL5273819,COc1cc2c(Nc3ccc(Oc4ccccc4)c(F)c3)ncnc2cc1OCC1CCN(C)CC1,decoy
CHEMBL2347960,CN(C)CCCC(=O)Nc1cccc(-c2c(-c3ccccc3)oc3ncnc(N[C@H](CO)c4ccccc4)c23)c1,decoy
CHEMBL3912266,C=CC(=O)N[C@H]1CC[C@H](n2nc(-c3ccc(Oc4ccccc4)cc3)c3c(N)ncnc32)CC1,decoy
CHEMBL489313,O=C(CCN1Cc2cc3c(Nc4cccc(Br)c4)ncnc3cc21)N1CCOCC1,decoy
CHEMBL473556,COc1cc2ncnc(Nc3ccc(-c4nc5ccccc5s4)cc3)c2cc1OC,decoy
CHEMBL3133909,C=CC(=O)Nc1ccc2ncnc(Nc3ccc(CC)cc3)c2c1,decoy
CHEMBL5087955,COc1cc2nc(C)nc(N[C@H](C)c3ccccc3)c2cc1OC,decoy
CHEMBL4454516,C=CC(=O)Nc1cc(Nc2nccc(NC(=O)c3ccccc3)n2)c(OC)cc1N1CCC(C(N)=O)CC1,decoy
CHEMBL3133751,COc1cc2ncnc(Nc3ccc(NC(=O)Nc4ccc(Cl)c(C(F)(F)F)c4)cc3)c2cc1OCCCN1CCOCC1,decoy
CHEMBL3822972,COc1cc2ncccc2cc1NC(=O)c1csc2cncnc12,decoy
CHEMBL135577,CCN(CC)CCNC(=O)c1c([Se][Se]c2[nH]c3ccccc3c2C(=O)NCCN(CC)CC)[nH]c2ccccc12,decoy
CHEMBL31184,c1ccc2c(c1)cc1ccc3cccc4ccc2c1c34,decoy
CHEMBL5440626,C=CC(=O)Nc1cccc(-c2c(-c3ccc(N4CCN(C)CC4)cc3)oc3ncnc(NC4CCCC4)c23)c1,decoy
CHEMBL115519,COc1cc(/C=C(\C#N)C(N)=O)cc(CSc2nc3cc(Cl)ccc3s2)c1O,decoy
CHEMBL5436096,CN(Cc1ccccc1)c1ncnc2[nH]c(-c3ccc(O)cc3)cc12,decoy
CHEMBL3952465,COc1cc2c(Nc3cc(F)c(Br)cc3F)ncnc2cc1OCC1CN(C)CCO1,decoy
CHEMBL2018767,CCN(CC)CCOc1cc2ncnc(Nc3ccc(C)c(Br)c3)c2cc1OC,decoy
CHEMBL544067,C=C(CN1CCOCC1)C(=O)c1ccc(OCc2ccccc2)cc1.Cl,decoy
CHEMBL3040861,c1ccc(-c2cccc(Nc3ncnc4cc5c(cc34)OCO5)c2)cc1,decoy
CHEMBL4578561,CCOc1cc2ncc(C#N)c(Nc3ccc(Cl)c(F)c3)c2cc1NC(=O)/C=C/CN(C)C,decoy
CHEMBL5179954,Cc1cc(Nc2ncnc3ccc(NC(=O)/C=C/[C@H]4CCCN4C)cc23)ccc1Oc1cc2nncn2cn1,decoy
CHEMBL255438,Nc1ncnc(Nc2ccc3c(cnn3Cc3cccc(F)c3)c2)c1/C=N/OCc1ccccc1,decoy
CHEMBL3932698,CCCCCCN1CCOC(COc2cc3ncnc(Nc4ccc(Cl)c(Cl)c4)c3cc2OC)C1,decoy
CHEMBL532,CC[C@H]1OC(=O)[C@H](C)[C@@H](O[C@H]2C[C@@](C)(OC)[C@@H](O)[C@H](C)O2)[C@H](C)[C@@H](O[C@@H]2O[C@H](C)C[C@H](N(C)C)[C@H]2O)[C@](C)(O)C[C@@H](C)C(=O)[C@H](C)[C@@H](O)[C@]1(C)O,decoy
CHEMBL4562352,CCOc1cc2ncnc(Nc3ccc(F)c(Cl)c3)c2cc1OC(=O)CSc1cccnc1,decoy
CHEMBL1236282,CS(=O)(=O)c1ccc([C@@H](O)[C@@H](CO)NC(=O)C(Cl)Cl)cc1,decoy
CHEMBL314798,C/C(=C1\C(=O)Nc2ccccc21)c1ccc(N2CCCCC2)cc1,decoy
CHEMBL3297899,CCN(c1ccc(OC)cc1)c1nc(C)nc2oc(C)cc12,decoy
CHEMBL4176787,COc1cc2ncnc(N3CCCc4ccccc43)c2cc1NC(=O)/C=C/CN(C)C,decoy
CHEMBL3604933,C=CC(=O)Nc1cccc(Oc2nc(Nc3cc[nH]n3)cc(N3CCN(C)CC3)n2)c1,decoy
CHEMBL51265,Brc1cccc(Nc2ncnc3cnccc23)c1,decoy
CHEMBL3221547,CCCOc1cc2ncnc(Nc3ccc(NC(=O)OCC)c(Cl)c3)c2cc1OC.Cl,decoy
CHEMBL1688539,Fc1ccc(Nc2ncnc3ccccc23)cc1Cl,decoy
CHEMBL105,CO[C@@]12[C@H](COC(N)=O)C3=C(C(=O)C(C)=C(N)C3=O)N1C[C@@H]1N[C@@H]12,decoy
CHEMBL3958721,COc1cc2c(Nc3ccc(Br)c(Cl)c3)ncnc2cc1O[C@@H]1CO[C@H]2[C@@H]1OC[C@@H]2NC(F)(F)F,decoy
CHEMBL3039597,CNC(C)[C@@H]1CC[C@@H](N)[C@@H](O[C@H]2[C@H](O)[C@@H](O[C@H]3OC[C@](C)(O)[C@H](NC)[C@H]3O)[C@H](N)C[C@@H]2N)O1.CN[C@@H]1[C@@H](O)[C@@H](O[C@@H]2[C@@H](O)[C@H](O[C@H]3O[C@H](C(C)N)CC[C@H]3N)[C@@H](N)C[C@H]2N)OC[C@]1(C)O.CN[C@@H]1[C@@H](O)[C@@H](O[C@@H]2[C@@H](O)[C@H](O[C@H]3O[C@H](CN)CC[C@H]3N)[C@@H](N)C[C@H]2N)OC[C@]1(C)O,decoy
CHEMBL5403617,CC(=O)Nc1cc(Nc2nccc(-c3cn(C)c4ccccc34)n2)c2c(cnn2CCN(C)C)c1,decoy
CHEMBL81073,COc1cc2ncc(C#N)c(Nc3cc(OC)c(OC)c(OC)c3)c2cc1OC,decoy
CHEMBL385479,COc1cc2ncnc(Nc3cccc(Cl)c3F)c2cc1OCCCN1CCOCC1,decoy
CHEMBL4213741,C=CC(=O)N1CC[C@H](Nc2nc(Nc3ccc(N4CCN(C)CC4)cc3)c3ncn(C(C)C)c3n2)C1,decoy
CHEMBL126623,Brc1cccc(Nc2ncnc3cc(NCCCN4CCOCC4)ncc23)c1,decoy
CHEMBL3586177,O=C1N=C(N2CCC[C@H]2C(=O)Nc2ccc3ncnc(Nc4cccc(Cl)c4)c3c2)S/C1=C/c1cccc(Br)n1,decoy
CHEMBL4204983,CN(C)CCN(C)c1nc(Nc2ccc(F)cc2)nc2cnc(Nc3ccc(N4CCC(N(C)C)CC4)cn3)cc12,decoy
CHEMBL405398,Brc1cccc(Nc2ncnc3ccncc23)c1NCCN1CCOCC1,decoy
CHEMBL3622669,COc1cc2ncnc(Nc3ccc(F)c(Cl)c3)c2cc1NC(=O)/C=C/CNC1CC(F)(F)C1,decoy
CHEMBL5436965,CCS(=O)(=O)Nc1nc(-c2ccc(F)cc2)c(-c2ccnc(Nc3ccc(N4CCN(C)CC4)cc3OC)n2)s1,decoy
CHEMBL2029689,O=S(=O)(c1ccc(/N=C/c2cc(Br)ccc2O)cc1)N1CCCCC1,decoy
CHEMBL157084,CS(=O)(=O)CCNc1nc(-c2ccc3ncnc(Nc4ccc(F)c(Cl)c4)c3c2)cs1,decoy
CHEMBL5435463,C=CC(=O)Nc1cccc(-c2c(-c3ccc(N4CCOCC4)cc3)oc3ncnc(NCCO)c23)c1,decoy
CHEMBL314416,CN1C(=S)C(CC(=O)O)c2ccccc21,decoy
CHEMBL574058,Cc1cc(Nc2ncc3cc(-c4c(Cl)cccc4Cl)c(=O)n(C)c3n2)ccc1F,decoy
CHEMBL2333989,COc1cc2ncnc(Nc3ccc(N)cc3)c2cc1OC,decoy
CHEMBL310958,N#CC(C#N)=NNc1ccc(O)cc1,decoy
CHEMBL1830257,NC(=S)N/N=C(/C=C/c1ccccc1F)c1ccccc1,decoy
CHEMBL182397,COc1cc2ncnc(Nc3cccc(NC(=O)c4ccccc4)c3F)c2cc1OC,decoy
CHEMBL1016,CCOc1nc2cccc(C(=O)O)c2n1Cc1ccc(-c2ccccc2-c2nnn[nH]2)cc1,decoy
CHEMBL3237940,Cc1nn(-c2ccc(Cl)cc2)c(Cl)c1C1C(C#N)=C(N)N(c2cccnc2)C2=C1C(=O)CCC2,decoy
CHEMBL2333988,COc1cc2ncnc(Nc3ccc(-c4ccc(N)cc4)cc3)c2cc1OC,decoy
CHEMBL1200396,CCCCN1CCCCC1C(=O)Nc1c(C)cccc1C.Cl,decoy
